ID,DAYS,TRT,VOL
3,-7,Control,78
3,0,Control,150
3,3,Control,229
3,7,Control,255
3,10,Control,333
3,14,Control,366
3,17,Control,624
3,21,Control,676
3,24,Control,818
3,28,Control,818
3,31,Control,818
3,35,Control,973
3,37,Control,973
4,-7,Control,112
4,0,Control,131
4,3,Control,178
4,7,Control,204
4,10,Control,204
4,14,Control,421
4,17,Control,421
4,21,Control,520
4,24,Control,520
4,28,Control,520
4,31,Control,520
4,35,Control,520
4,37,Control,520
8,-7,Control,131
8,0,Control,150
8,3,Control,229
8,7,Control,280
8,10,Control,280
8,14,Control,331
8,17,Control,881
8,21,Control,944
8,24,Control,944
8,28,Control,1123
8,31,Control,1123
8,35,Control,1123
8,37,Control,1198
10,-7,Control,78
10,0,Control,150
10,3,Control,266
10,7,Control,300
10,10,Control,379
10,14,Control,624
10,17,Control,676
10,21,Control,676
10,24,Control,780
10,28,Control,1123
10,31,Control,1198
10,35,Control,1198
10,37,Control,1273
50,-7,Control,150
50,0,Control,150
50,3,Control,204
50,7,Control,463
50,10,Control,548
50,14,Control,818
50,17,Control,818
50,21,Control,1318
50,24,Control,1406
50,28,Control,1835
50,31,Control,1936
50,35,Control,1936
50,37,Control,2340
57,-7,Control,42
57,0,Control,150
57,3,Control,150
57,7,Control,187
57,10,Control,255
57,14,Control,255
57,17,Control,333
57,21,Control,333
57,24,Control,333
57,28,Control,366
57,31,Control,366
57,35,Control,548
57,37,Control,548
242,-7,Control,65
242,0,Control,131
242,3,Control,131
242,7,Control,131
242,10,Control,229
242,14,Control,421
242,17,Control,421
242,21,Control,572
242,24,Control,755
242,28,Control,1123
242,31,Control,1123
242,35,Control,1631
242,37,Control,1872
243,-7,Control,0
243,0,Control,112
243,3,Control,178
243,7,Control,204
243,10,Control,204
243,14,Control,333
243,17,Control,421
243,21,Control,421
243,24,Control,421
243,28,Control,692
243,31,Control,692
243,35,Control,755
243,37,Control,755
245,-7,Control,65
245,0,Control,131
245,3,Control,131
245,7,Control,150
245,10,Control,300
245,14,Control,300
245,17,Control,333
245,21,Control,366
245,24,Control,505
245,28,Control,505
245,31,Control,548
245,35,Control,944
245,37,Control,1007
248,-7,Control,112
248,0,Control,266
248,3,Control,300
248,7,Control,300
248,10,Control,572
248,14,Control,624
248,17,Control,755
248,21,Control,755
248,24,Control,818
248,28,Control,818
248,31,Control,973
248,35,Control,973
248,37,Control,973
66,-7,Docetaxel,78
66,0,Docetaxel,91
66,3,Docetaxel,178
66,7,Docetaxel,178
66,10,Docetaxel,112
66,14,Docetaxel,78
66,17,Docetaxel,65
66,21,Docetaxel,65
66,24,Docetaxel,65
66,28,Docetaxel,42
66,31,Docetaxel,33
66,35,Docetaxel,33
66,37,Docetaxel,33
67,-7,Docetaxel,78
67,0,Docetaxel,131
67,3,Docetaxel,131
67,7,Docetaxel,78
67,10,Docetaxel,78
67,14,Docetaxel,65
67,17,Docetaxel,65
67,21,Docetaxel,65
67,24,Docetaxel,42
67,28,Docetaxel,33
67,31,Docetaxel,19
67,35,Docetaxel,19
67,37,Docetaxel,19
103,-7,Docetaxel,78
103,0,Docetaxel,150
103,3,Docetaxel,204
103,7,Docetaxel,131
103,10,Docetaxel,131
103,14,Docetaxel,78
103,17,Docetaxel,112
103,21,Docetaxel,112
103,24,Docetaxel,78
103,28,Docetaxel,65
103,31,Docetaxel,65
103,35,Docetaxel,65
103,37,Docetaxel,65
185,-7,Docetaxel,131
185,0,Docetaxel,266
185,3,Docetaxel,300
185,7,Docetaxel,204
185,10,Docetaxel,204
185,14,Docetaxel,131
185,17,Docetaxel,131
185,21,Docetaxel,131
185,24,Docetaxel,78
185,28,Docetaxel,42
185,31,Docetaxel,42
185,35,Docetaxel,65
185,37,Docetaxel,65
218,-7,Docetaxel,42
218,0,Docetaxel,112
218,3,Docetaxel,112
218,7,Docetaxel,65
218,10,Docetaxel,112
218,14,Docetaxel,65
218,17,Docetaxel,65
218,21,Docetaxel,65
218,24,Docetaxel,33
218,28,Docetaxel,33
218,31,Docetaxel,14
218,35,Docetaxel,0
218,37,Docetaxel,0
16,-7,Paclitaxel,150
16,0,Paclitaxel,150
16,3,Paclitaxel,266
16,7,Paclitaxel,266
16,10,Paclitaxel,300
16,14,Paclitaxel,300
16,17,Paclitaxel,520
16,21,Paclitaxel,572
16,24,Paclitaxel,572
16,28,Paclitaxel,572
16,31,Paclitaxel,463
16,35,Paclitaxel,463
16,37,Paclitaxel,421
73,-7,Paclitaxel,65
73,0,Paclitaxel,91
73,3,Paclitaxel,131
73,7,Paclitaxel,91
73,10,Paclitaxel,204
73,14,Paclitaxel,229
73,17,Paclitaxel,255
73,21,Paclitaxel,333
73,24,Paclitaxel,333
73,28,Paclitaxel,333
73,31,Paclitaxel,333
73,35,Paclitaxel,421
73,37,Paclitaxel,463
115,-7,Paclitaxel,78
115,0,Paclitaxel,112
115,3,Paclitaxel,131
115,7,Paclitaxel,131
115,10,Paclitaxel,131
115,14,Paclitaxel,204
115,17,Paclitaxel,204
115,21,Paclitaxel,266
115,24,Paclitaxel,300
115,28,Paclitaxel,379
115,31,Paclitaxel,421
115,35,Paclitaxel,463
115,37,Paclitaxel,572
192,-7,Paclitaxel,65
192,0,Paclitaxel,131
192,3,Paclitaxel,131
192,7,Paclitaxel,131
192,10,Paclitaxel,178
192,14,Paclitaxel,204
192,17,Paclitaxel,204
192,21,Paclitaxel,204
192,24,Paclitaxel,204
192,28,Paclitaxel,333
192,31,Paclitaxel,333
192,35,Paclitaxel,421
192,37,Paclitaxel,421
194,-7,Paclitaxel,131
194,0,Paclitaxel,255
194,3,Paclitaxel,255
194,7,Paclitaxel,333
194,10,Paclitaxel,333
194,14,Paclitaxel,421
194,17,Paclitaxel,463
194,21,Paclitaxel,463
194,24,Paclitaxel,463
194,28,Paclitaxel,572
194,31,Paclitaxel,624
194,35,Paclitaxel,755
194,37,Paclitaxel,755
79,-7,Bevacizumab,78
79,0,Bevacizumab,131
79,3,Bevacizumab,150
79,7,Bevacizumab,150
79,10,Bevacizumab,204
79,14,Bevacizumab,204
79,17,Bevacizumab,204
79,21,Bevacizumab,204
79,24,Bevacizumab,178
79,28,Bevacizumab,131
79,31,Bevacizumab,131
79,35,Bevacizumab,178
79,37,Bevacizumab,131
105,-7,Bevacizumab,78
105,0,Bevacizumab,229
105,3,Bevacizumab,229
105,7,Bevacizumab,229
105,10,Bevacizumab,229
105,14,Bevacizumab,300
105,17,Bevacizumab,300
105,21,Bevacizumab,266
105,24,Bevacizumab,300
105,28,Bevacizumab,300
105,31,Bevacizumab,229
105,35,Bevacizumab,229
105,37,Bevacizumab,229
203,-7,Bevacizumab,131
203,0,Bevacizumab,131
203,3,Bevacizumab,229
203,7,Bevacizumab,150
203,10,Bevacizumab,150
203,14,Bevacizumab,266
203,17,Bevacizumab,266
203,21,Bevacizumab,178
203,24,Bevacizumab,131
203,28,Bevacizumab,131
203,31,Bevacizumab,131
203,35,Bevacizumab,178
203,37,Bevacizumab,204
207,-7,Bevacizumab,112
207,0,Bevacizumab,178
207,3,Bevacizumab,178
207,7,Bevacizumab,131
207,10,Bevacizumab,204
207,14,Bevacizumab,204
207,17,Bevacizumab,229
207,21,Bevacizumab,379
207,24,Bevacizumab,379
207,28,Bevacizumab,300
207,31,Bevacizumab,300
207,35,Bevacizumab,300
207,37,Bevacizumab,300
264,-7,Bevacizumab,50
264,0,Bevacizumab,78
264,3,Bevacizumab,78
264,7,Bevacizumab,78
264,10,Bevacizumab,112
264,14,Bevacizumab,131
264,17,Bevacizumab,131
264,21,Bevacizumab,131
264,24,Bevacizumab,131
264,28,Bevacizumab,131
264,31,Bevacizumab,131
264,35,Bevacizumab,131
264,37,Bevacizumab,131
152,-7,Trastuzumab,65
152,0,Trastuzumab,131
152,3,Trastuzumab,178
152,7,Trastuzumab,178
152,10,Trastuzumab,379
152,14,Trastuzumab,379
152,17,Trastuzumab,520
152,21,Trastuzumab,421
152,24,Trastuzumab,572
152,28,Trastuzumab,692
152,31,Trastuzumab,692
152,35,Trastuzumab,692
152,37,Trastuzumab,692
157,-7,Trastuzumab,78
157,0,Trastuzumab,131
157,3,Trastuzumab,131
157,7,Trastuzumab,150
157,10,Trastuzumab,229
157,14,Trastuzumab,300
157,17,Trastuzumab,300
157,21,Trastuzumab,300
157,24,Trastuzumab,300
157,28,Trastuzumab,300
157,31,Trastuzumab,300
157,35,Trastuzumab,300
157,37,Trastuzumab,300
176,-7,Trastuzumab,131
176,0,Trastuzumab,229
176,3,Trastuzumab,333
176,7,Trastuzumab,366
176,10,Trastuzumab,463
176,14,Trastuzumab,572
176,17,Trastuzumab,624
176,21,Trastuzumab,624
176,24,Trastuzumab,676
176,28,Trastuzumab,818
176,31,Trastuzumab,973
176,35,Trastuzumab,1048
176,37,Trastuzumab,1048
283,-7,Trastuzumab,65
283,0,Trastuzumab,78
283,3,Trastuzumab,131
283,7,Trastuzumab,131
283,10,Trastuzumab,266
283,14,Trastuzumab,266
283,17,Trastuzumab,379
283,21,Trastuzumab,300
283,24,Trastuzumab,379
283,28,Trastuzumab,421
283,31,Trastuzumab,421
283,35,Trastuzumab,572
283,37,Trastuzumab,899
288,-7,Trastuzumab,112
288,0,Trastuzumab,178
288,3,Trastuzumab,266
288,7,Trastuzumab,421
288,10,Trastuzumab,520
288,14,Trastuzumab,1230
288,17,Trastuzumab,1406
288,21,Trastuzumab,1631
288,24,Trastuzumab,1989
288,28,Trastuzumab,2106
288,31,Trastuzumab,2106
288,35,Trastuzumab,2106
288,37,Trastuzumab,2106
9,-7,Cetuximab,131
9,0,Cetuximab,178
9,3,Cetuximab,266
9,7,Cetuximab,300
9,10,Cetuximab,421
9,14,Cetuximab,463
9,17,Cetuximab,755
9,21,Cetuximab,1048
9,24,Cetuximab,1198
9,28,Cetuximab,1198
9,31,Cetuximab,1198
9,35,Cetuximab,1198
9,37,Cetuximab,1631
122,-7,Cetuximab,42
122,0,Cetuximab,78
122,3,Cetuximab,131
122,7,Cetuximab,131
122,10,Cetuximab,178
122,14,Cetuximab,204
122,17,Cetuximab,204
122,21,Cetuximab,266
122,24,Cetuximab,266
122,28,Cetuximab,379
122,31,Cetuximab,333
122,35,Cetuximab,333
122,37,Cetuximab,333
123,-7,Cetuximab,112
123,0,Cetuximab,131
123,3,Cetuximab,150
123,7,Cetuximab,168
123,10,Cetuximab,229
123,14,Cetuximab,300
123,17,Cetuximab,624
123,21,Cetuximab,624
123,24,Cetuximab,676
123,28,Cetuximab,676
123,31,Cetuximab,676
123,35,Cetuximab,728
123,37,Cetuximab,728
131,-7,Cetuximab,65
131,0,Cetuximab,131
131,3,Cetuximab,178
131,7,Cetuximab,131
131,10,Cetuximab,229
131,14,Cetuximab,255
131,17,Cetuximab,463
131,21,Cetuximab,572
131,24,Cetuximab,624
131,28,Cetuximab,818
131,31,Cetuximab,881
131,35,Cetuximab,1048
131,37,Cetuximab,1048
187,-7,Cetuximab,131
187,0,Cetuximab,229
187,3,Cetuximab,624
187,7,Cetuximab,624
187,10,Cetuximab,728
187,14,Cetuximab,881
187,17,Cetuximab,1494
187,21,Cetuximab,2396
187,24,Cetuximab,2396
187,28,Cetuximab,2396
187,31,Cetuximab,2396
187,35,Cetuximab,2396
187,37,Cetuximab,2396
169,-7,Rituximab,42
169,0,Rituximab,112
169,3,Rituximab,112
169,7,Rituximab,65
169,10,Rituximab,65
169,14,Rituximab,112
169,17,Rituximab,178
169,21,Rituximab,204
169,24,Rituximab,300
169,28,Rituximab,333
169,31,Rituximab,366
169,35,Rituximab,676
169,37,Rituximab,676
178,-7,Rituximab,131
178,0,Rituximab,150
178,3,Rituximab,266
178,7,Rituximab,266
178,10,Rituximab,300
178,14,Rituximab,421
178,17,Rituximab,520
178,21,Rituximab,421
178,24,Rituximab,463
178,28,Rituximab,624
178,31,Rituximab,624
178,35,Rituximab,624
178,37,Rituximab,624
286,-7,Rituximab,112
286,0,Rituximab,131
286,3,Rituximab,204
286,7,Rituximab,204
286,10,Rituximab,300
286,14,Rituximab,463
286,17,Rituximab,520
286,21,Rituximab,818
286,24,Rituximab,881
286,28,Rituximab,944
286,31,Rituximab,1007
286,35,Rituximab,1273
286,37,Rituximab,1273
293,-7,Rituximab,65
293,0,Rituximab,178
293,3,Rituximab,204
293,7,Rituximab,379
293,10,Rituximab,421
293,14,Rituximab,676
293,17,Rituximab,944
293,21,Rituximab,1273
293,24,Rituximab,1494
293,28,Rituximab,1936
293,31,Rituximab,2223
293,35,Rituximab,2223
293,37,Rituximab,2223
295,-7,Rituximab,42
295,0,Rituximab,178
295,3,Rituximab,178
295,7,Rituximab,266
295,10,Rituximab,520
295,14,Rituximab,624
295,17,Rituximab,676
295,21,Rituximab,818
295,24,Rituximab,1048
295,28,Rituximab,1123
295,31,Rituximab,1318
295,35,Rituximab,2263
295,37,Rituximab,2263
101,-7,Cisplatin,131
101,0,Cisplatin,131
101,3,Cisplatin,178
101,7,Cisplatin,131
101,10,Cisplatin,131
101,14,Cisplatin,266
101,17,Cisplatin,300
101,21,Cisplatin,300
101,24,Cisplatin,379
101,28,Cisplatin,300
101,31,Cisplatin,333
101,35,Cisplatin,463
101,37,Cisplatin,463
104,-7,Cisplatin,78
104,0,Cisplatin,91
104,3,Cisplatin,131
104,7,Cisplatin,131
104,10,Cisplatin,229
104,14,Cisplatin,300
104,17,Cisplatin,300
104,21,Cisplatin,204
104,24,Cisplatin,421
104,28,Cisplatin,300
104,31,Cisplatin,300
104,35,Cisplatin,421
104,37,Cisplatin,572
116,-7,Cisplatin,42
116,0,Cisplatin,112
116,3,Cisplatin,78
116,7,Cisplatin,78
116,10,Cisplatin,131
116,14,Cisplatin,131
116,17,Cisplatin,229
116,21,Cisplatin,229
116,24,Cisplatin,255
116,28,Cisplatin,255
116,31,Cisplatin,333
116,35,Cisplatin,366
116,37,Cisplatin,399
118,-7,Cisplatin,131
118,0,Cisplatin,150
118,3,Cisplatin,131
118,7,Cisplatin,131
118,10,Cisplatin,178
118,14,Cisplatin,266
118,17,Cisplatin,266
118,21,Cisplatin,204
118,24,Cisplatin,204
118,28,Cisplatin,300
118,31,Cisplatin,300
118,35,Cisplatin,379
118,37,Cisplatin,379
235,-7,Cisplatin,65
235,0,Cisplatin,266
235,3,Cisplatin,255
235,7,Cisplatin,280
235,10,Cisplatin,548
235,14,Cisplatin,728
235,17,Cisplatin,881
235,21,Cisplatin,944
235,24,Cisplatin,1007
235,28,Cisplatin,1198
235,31,Cisplatin,1427
235,35,Cisplatin,1872
235,37,Cisplatin,2130
20,-7,Carboplatin,78
20,0,Carboplatin,112
20,3,Carboplatin,131
20,7,Carboplatin,131
20,10,Carboplatin,266
20,14,Carboplatin,266
20,17,Carboplatin,204
20,21,Carboplatin,204
20,24,Carboplatin,204
20,28,Carboplatin,204
20,31,Carboplatin,204
20,35,Carboplatin,204
20,37,Carboplatin,204
27,-7,Carboplatin,112
27,0,Carboplatin,131
27,3,Carboplatin,178
27,7,Carboplatin,178
27,10,Carboplatin,178
27,14,Carboplatin,204
27,17,Carboplatin,178
27,21,Carboplatin,204
27,24,Carboplatin,266
27,28,Carboplatin,266
27,31,Carboplatin,266
27,35,Carboplatin,300
27,37,Carboplatin,333
191,-7,Carboplatin,78
191,0,Carboplatin,178
191,3,Carboplatin,204
191,7,Carboplatin,204
191,10,Carboplatin,266
191,14,Carboplatin,300
191,17,Carboplatin,300
191,21,Carboplatin,379
191,24,Carboplatin,379
191,28,Carboplatin,421
191,31,Carboplatin,520
191,35,Carboplatin,520
191,37,Carboplatin,624
195,-7,Carboplatin,78
195,0,Carboplatin,178
195,3,Carboplatin,204
195,7,Carboplatin,229
195,10,Carboplatin,624
195,14,Carboplatin,1048
195,17,Carboplatin,1427
195,21,Carboplatin,1936
195,24,Carboplatin,2340
195,28,Carboplatin,2340
195,31,Carboplatin,2340
195,35,Carboplatin,2340
195,37,Carboplatin,2340
198,-7,Carboplatin,78
198,0,Carboplatin,150
198,3,Carboplatin,150
198,7,Carboplatin,204
198,10,Carboplatin,333
198,14,Carboplatin,421
198,17,Carboplatin,463
198,21,Carboplatin,755
198,24,Carboplatin,973
198,28,Carboplatin,973
198,31,Carboplatin,1123
198,35,Carboplatin,1631
198,37,Carboplatin,1872
58,-7,Oxaliplatin,204
58,0,Oxaliplatin,255
58,3,Oxaliplatin,366
58,7,Oxaliplatin,366
58,10,Oxaliplatin,505
58,14,Oxaliplatin,676
58,17,Oxaliplatin,944
58,21,Oxaliplatin,1273
58,24,Oxaliplatin,1348
58,28,Oxaliplatin,1845
58,31,Oxaliplatin,1845
58,35,Oxaliplatin,2344
58,37,Oxaliplatin,1835
90,-7,Oxaliplatin,131
90,0,Oxaliplatin,131
90,3,Oxaliplatin,204
90,7,Oxaliplatin,379
90,10,Oxaliplatin,379
90,14,Oxaliplatin,379
90,17,Oxaliplatin,520
90,21,Oxaliplatin,624
90,24,Oxaliplatin,624
90,28,Oxaliplatin,572
90,31,Oxaliplatin,692
90,35,Oxaliplatin,520
90,37,Oxaliplatin,692
213,-7,Oxaliplatin,65
213,0,Oxaliplatin,131
213,3,Oxaliplatin,131
213,7,Oxaliplatin,131
213,10,Oxaliplatin,178
213,14,Oxaliplatin,178
213,17,Oxaliplatin,178
213,21,Oxaliplatin,178
213,24,Oxaliplatin,300
213,28,Oxaliplatin,379
213,31,Oxaliplatin,379
213,35,Oxaliplatin,379
213,37,Oxaliplatin,421
214,-7,Oxaliplatin,78
214,0,Oxaliplatin,112
214,3,Oxaliplatin,131
214,7,Oxaliplatin,131
214,10,Oxaliplatin,204
214,14,Oxaliplatin,300
214,17,Oxaliplatin,300
214,21,Oxaliplatin,421
214,24,Oxaliplatin,520
214,28,Oxaliplatin,624
214,31,Oxaliplatin,624
214,35,Oxaliplatin,624
214,37,Oxaliplatin,755
215,-7,Oxaliplatin,65
215,0,Oxaliplatin,112
215,3,Oxaliplatin,112
215,7,Oxaliplatin,112
215,10,Oxaliplatin,204
215,14,Oxaliplatin,333
215,17,Oxaliplatin,624
215,21,Oxaliplatin,780
215,24,Oxaliplatin,1007
215,28,Oxaliplatin,1406
215,31,Oxaliplatin,2223
215,35,Oxaliplatin,2223
215,37,Oxaliplatin,2223
29,-7,Doxorubicin,42
29,0,Doxorubicin,78
29,3,Doxorubicin,112
29,7,Doxorubicin,112
29,10,Doxorubicin,131
29,14,Doxorubicin,131
29,17,Doxorubicin,178
29,21,Doxorubicin,178
29,24,Doxorubicin,178
29,28,Doxorubicin,266
29,31,Doxorubicin,266
29,35,Doxorubicin,379
29,37,Doxorubicin,379
110,-7,Doxorubicin,65
110,0,Doxorubicin,204
110,3,Doxorubicin,255
110,7,Doxorubicin,255
110,10,Doxorubicin,280
110,14,Doxorubicin,306
110,17,Doxorubicin,331
110,21,Doxorubicin,433
110,24,Doxorubicin,466
110,28,Doxorubicin,590
110,31,Doxorubicin,674
110,35,Doxorubicin,832
110,37,Doxorubicin,832
133,-7,Doxorubicin,65
133,0,Doxorubicin,131
133,3,Doxorubicin,131
133,7,Doxorubicin,131
133,10,Doxorubicin,204
133,14,Doxorubicin,204
133,17,Doxorubicin,300
133,21,Doxorubicin,366
133,24,Doxorubicin,399
133,28,Doxorubicin,548
133,31,Doxorubicin,944
133,35,Doxorubicin,1348
133,37,Doxorubicin,1348
135,-7,Doxorubicin,78
135,0,Doxorubicin,131
135,3,Doxorubicin,150
135,7,Doxorubicin,150
135,10,Doxorubicin,150
135,14,Doxorubicin,150
135,17,Doxorubicin,204
135,21,Doxorubicin,204
135,24,Doxorubicin,204
135,28,Doxorubicin,300
135,31,Doxorubicin,300
135,35,Doxorubicin,421
135,37,Doxorubicin,421
171,-7,Doxorubicin,131
171,0,Doxorubicin,204
171,3,Doxorubicin,421
171,7,Doxorubicin,421
171,10,Doxorubicin,463
171,14,Doxorubicin,505
171,17,Doxorubicin,624
171,21,Doxorubicin,728
171,24,Doxorubicin,881
171,28,Doxorubicin,881
171,31,Doxorubicin,881
171,35,Doxorubicin,1198
171,37,Doxorubicin,1198
40,-7,Cyclophosphamide,42
40,0,Cyclophosphamide,78
40,3,Cyclophosphamide,91
40,7,Cyclophosphamide,131
40,10,Cyclophosphamide,204
40,14,Cyclophosphamide,204
40,17,Cyclophosphamide,204
40,21,Cyclophosphamide,300
40,24,Cyclophosphamide,333
40,28,Cyclophosphamide,333
40,31,Cyclophosphamide,421
40,35,Cyclophosphamide,572
40,37,Cyclophosphamide,572
111,-7,Cyclophosphamide,65
111,0,Cyclophosphamide,204
111,3,Cyclophosphamide,229
111,7,Cyclophosphamide,229
111,10,Cyclophosphamide,229
111,14,Cyclophosphamide,204
111,17,Cyclophosphamide,379
111,21,Cyclophosphamide,379
111,24,Cyclophosphamide,572
111,28,Cyclophosphamide,624
111,31,Cyclophosphamide,973
111,35,Cyclophosphamide,973
111,37,Cyclophosphamide,1048
114,-7,Cyclophosphamide,91
114,0,Cyclophosphamide,204
114,3,Cyclophosphamide,204
114,7,Cyclophosphamide,131
114,10,Cyclophosphamide,204
114,14,Cyclophosphamide,300
114,17,Cyclophosphamide,333
114,21,Cyclophosphamide,333
114,24,Cyclophosphamide,463
114,28,Cyclophosphamide,624
114,31,Cyclophosphamide,728
114,35,Cyclophosphamide,944
114,37,Cyclophosphamide,1123
278,-7,Cyclophosphamide,91
278,0,Cyclophosphamide,150
278,3,Cyclophosphamide,229
278,7,Cyclophosphamide,168
278,10,Cyclophosphamide,333
278,14,Cyclophosphamide,366
278,17,Cyclophosphamide,399
278,21,Cyclophosphamide,433
278,24,Cyclophosphamide,590
278,28,Cyclophosphamide,632
278,31,Cyclophosphamide,832
278,35,Cyclophosphamide,1007
278,37,Cyclophosphamide,1007
282,-7,Cyclophosphamide,78
282,0,Cyclophosphamide,112
282,3,Cyclophosphamide,131
282,7,Cyclophosphamide,178
282,10,Cyclophosphamide,204
282,14,Cyclophosphamide,204
282,17,Cyclophosphamide,300
282,21,Cyclophosphamide,300
282,24,Cyclophosphamide,333
282,28,Cyclophosphamide,421
282,31,Cyclophosphamide,421
282,35,Cyclophosphamide,520
282,37,Cyclophosphamide,572
23,-7,Temsirolimus,131
23,0,Temsirolimus,204
23,3,Temsirolimus,229
23,7,Temsirolimus,229
23,10,Temsirolimus,333
23,14,Temsirolimus,131
23,17,Temsirolimus,300
23,21,Temsirolimus,333
23,24,Temsirolimus,333
23,28,Temsirolimus,520
23,31,Temsirolimus,572
23,35,Temsirolimus,818
23,37,Temsirolimus,818
34,-7,Temsirolimus,78
34,0,Temsirolimus,204
34,3,Temsirolimus,229
34,7,Temsirolimus,204
34,10,Temsirolimus,204
34,14,Temsirolimus,229
34,17,Temsirolimus,300
34,21,Temsirolimus,421
34,24,Temsirolimus,421
34,28,Temsirolimus,572
34,31,Temsirolimus,572
34,35,Temsirolimus,676
34,37,Temsirolimus,676
41,-7,Temsirolimus,65
41,0,Temsirolimus,78
41,3,Temsirolimus,112
41,7,Temsirolimus,112
41,10,Temsirolimus,178
41,14,Temsirolimus,178
41,17,Temsirolimus,178
41,21,Temsirolimus,178
41,24,Temsirolimus,204
41,28,Temsirolimus,204
41,31,Temsirolimus,266
41,35,Temsirolimus,421
41,37,Temsirolimus,421
44,-7,Temsirolimus,65
44,0,Temsirolimus,112
44,3,Temsirolimus,112
44,7,Temsirolimus,65
44,10,Temsirolimus,112
44,14,Temsirolimus,112
44,17,Temsirolimus,178
44,21,Temsirolimus,178
44,24,Temsirolimus,204
44,28,Temsirolimus,300
44,31,Temsirolimus,300
44,35,Temsirolimus,520
44,37,Temsirolimus,520
230,-7,Temsirolimus,91
230,0,Temsirolimus,150
230,3,Temsirolimus,204
230,7,Temsirolimus,131
230,10,Temsirolimus,150
230,14,Temsirolimus,150
230,17,Temsirolimus,204
230,21,Temsirolimus,229
230,24,Temsirolimus,333
230,28,Temsirolimus,333
230,31,Temsirolimus,333
230,35,Temsirolimus,333
230,37,Temsirolimus,333
37,-7,Gemcitabine,131
37,0,Gemcitabine,204
37,3,Gemcitabine,204
37,7,Gemcitabine,266
37,10,Gemcitabine,300
37,14,Gemcitabine,421
37,17,Gemcitabine,572
37,21,Gemcitabine,624
37,24,Gemcitabine,624
37,28,Gemcitabine,755
37,31,Gemcitabine,818
37,35,Gemcitabine,1048
37,37,Gemcitabine,1048
62,-7,Gemcitabine,78
62,0,Gemcitabine,112
62,3,Gemcitabine,131
62,7,Gemcitabine,131
62,10,Gemcitabine,204
62,14,Gemcitabine,204
62,17,Gemcitabine,204
62,21,Gemcitabine,300
62,24,Gemcitabine,300
62,28,Gemcitabine,520
62,31,Gemcitabine,520
62,35,Gemcitabine,572
62,37,Gemcitabine,572
65,-7,Gemcitabine,65
65,0,Gemcitabine,78
65,3,Gemcitabine,131
65,7,Gemcitabine,112
65,10,Gemcitabine,112
65,14,Gemcitabine,131
65,17,Gemcitabine,131
65,21,Gemcitabine,178
65,24,Gemcitabine,178
65,28,Gemcitabine,266
65,31,Gemcitabine,204
65,35,Gemcitabine,204
65,37,Gemcitabine,204
76,-7,Gemcitabine,112
76,0,Gemcitabine,204
76,3,Gemcitabine,333
76,7,Gemcitabine,333
76,10,Gemcitabine,548
76,14,Gemcitabine,548
76,17,Gemcitabine,548
76,21,Gemcitabine,676
76,24,Gemcitabine,676
76,28,Gemcitabine,973
76,31,Gemcitabine,973
76,35,Gemcitabine,973
76,37,Gemcitabine,1048
124,-7,Gemcitabine,78
124,0,Gemcitabine,150
124,3,Gemcitabine,300
124,7,Gemcitabine,229
124,10,Gemcitabine,300
124,14,Gemcitabine,379
124,17,Gemcitabine,421
124,21,Gemcitabine,572
124,24,Gemcitabine,624
124,28,Gemcitabine,818
124,31,Gemcitabine,818
124,35,Gemcitabine,818
124,37,Gemcitabine,1048
153,-7,Azacitidine,42
153,0,Azacitidine,78
153,3,Azacitidine,91
153,7,Azacitidine,131
153,10,Azacitidine,131
153,14,Azacitidine,150
153,17,Azacitidine,229
153,21,Azacitidine,421
153,24,Azacitidine,463
153,28,Azacitidine,624
153,31,Azacitidine,624
153,35,Azacitidine,818
153,37,Azacitidine,818
154,-7,Azacitidine,78
154,0,Azacitidine,168
154,3,Azacitidine,255
154,7,Azacitidine,280
154,10,Azacitidine,548
154,14,Azacitidine,632
154,17,Azacitidine,936
154,21,Azacitidine,1195
154,24,Azacitidine,1670
154,28,Azacitidine,1670
154,31,Azacitidine,1670
154,35,Azacitidine,2223
154,37,Azacitidine,2106
155,-7,Azacitidine,42
155,0,Azacitidine,112
155,3,Azacitidine,131
155,7,Azacitidine,131
155,10,Azacitidine,178
155,14,Azacitidine,266
155,17,Azacitidine,379
155,21,Azacitidine,300
155,24,Azacitidine,463
155,28,Azacitidine,692
155,31,Azacitidine,692
155,35,Azacitidine,692
155,37,Azacitidine,572
251,-7,Azacitidine,131
251,0,Azacitidine,204
251,3,Azacitidine,300
251,7,Azacitidine,300
251,10,Azacitidine,421
251,14,Azacitidine,818
251,17,Azacitidine,1318
251,21,Azacitidine,1230
251,24,Azacitidine,1427
251,28,Azacitidine,1755
251,31,Azacitidine,1872
251,35,Azacitidine,1989
251,37,Azacitidine,1989
252,-7,Azacitidine,0
252,0,Azacitidine,204
252,3,Azacitidine,463
252,7,Azacitidine,572
252,10,Azacitidine,973
252,14,Azacitidine,1048
252,17,Azacitidine,1318
252,21,Azacitidine,1582
252,24,Azacitidine,2038
252,28,Azacitidine,2038
252,31,Azacitidine,2038
252,35,Azacitidine,2038
252,37,Azacitidine,2038
45,-7,Ifosfamide,150
45,0,Ifosfamide,204
45,3,Ifosfamide,229
45,7,Ifosfamide,229
45,10,Ifosfamide,421
45,14,Ifosfamide,421
45,17,Ifosfamide,421
45,21,Ifosfamide,421
45,24,Ifosfamide,463
45,28,Ifosfamide,692
45,31,Ifosfamide,692
45,35,Ifosfamide,899
45,37,Ifosfamide,755
47,-7,Ifosfamide,78
47,0,Ifosfamide,204
47,3,Ifosfamide,204
47,7,Ifosfamide,178
47,10,Ifosfamide,300
47,14,Ifosfamide,505
47,17,Ifosfamide,548
47,21,Ifosfamide,548
47,24,Ifosfamide,676
47,28,Ifosfamide,881
47,31,Ifosfamide,944
47,35,Ifosfamide,1198
47,37,Ifosfamide,1423
200,-7,Ifosfamide,65
200,0,Ifosfamide,112
200,3,Ifosfamide,131
200,7,Ifosfamide,131
200,10,Ifosfamide,150
200,14,Ifosfamide,229
200,17,Ifosfamide,300
200,21,Ifosfamide,300
200,24,Ifosfamide,333
200,28,Ifosfamide,463
200,31,Ifosfamide,572
200,35,Ifosfamide,572
200,37,Ifosfamide,755
256,-7,Ifosfamide,150
256,0,Ifosfamide,168
256,3,Ifosfamide,300
256,7,Ifosfamide,366
256,10,Ifosfamide,624
256,14,Ifosfamide,973
256,17,Ifosfamide,1048
256,21,Ifosfamide,1427
256,24,Ifosfamide,1989
256,28,Ifosfamide,2263
256,31,Ifosfamide,2263
256,35,Ifosfamide,2263
256,37,Ifosfamide,2263
292,-7,Ifosfamide,65
292,0,Ifosfamide,78
292,3,Ifosfamide,78
292,7,Ifosfamide,78
292,10,Ifosfamide,178
292,14,Ifosfamide,204
292,17,Ifosfamide,204
292,21,Ifosfamide,266
292,24,Ifosfamide,421
292,28,Ifosfamide,421
292,31,Ifosfamide,421
292,35,Ifosfamide,755
292,37,Ifosfamide,755
117,-7,Irinotecan,33
117,0,Irinotecan,78
117,3,Irinotecan,78
117,7,Irinotecan,78
117,10,Irinotecan,112
117,14,Irinotecan,178
117,17,Irinotecan,178
117,21,Irinotecan,78
117,24,Irinotecan,65
117,28,Irinotecan,65
117,31,Irinotecan,112
117,35,Irinotecan,178
117,37,Irinotecan,178
119,-7,Irinotecan,78
119,0,Irinotecan,131
119,3,Irinotecan,131
119,7,Irinotecan,78
119,10,Irinotecan,78
119,14,Irinotecan,112
119,17,Irinotecan,178
119,21,Irinotecan,178
119,24,Irinotecan,131
119,28,Irinotecan,131
119,31,Irinotecan,178
119,35,Irinotecan,204
119,37,Irinotecan,266
167,-7,Irinotecan,91
167,0,Irinotecan,229
167,3,Irinotecan,255
167,7,Irinotecan,229
167,10,Irinotecan,333
167,14,Irinotecan,300
167,17,Irinotecan,421
167,21,Irinotecan,379
167,24,Irinotecan,379
167,28,Irinotecan,379
167,31,Irinotecan,520
167,35,Irinotecan,755
167,37,Irinotecan,755
170,-7,Irinotecan,58
170,0,Irinotecan,91
170,3,Irinotecan,91
170,7,Irinotecan,91
170,10,Irinotecan,104
170,14,Irinotecan,91
170,17,Irinotecan,78
170,21,Irinotecan,112
170,24,Irinotecan,65
170,28,Irinotecan,65
170,31,Irinotecan,112
170,35,Irinotecan,112
170,37,Irinotecan,112
234,-7,Irinotecan,78
234,0,Irinotecan,204
234,3,Irinotecan,204
234,7,Irinotecan,204
234,10,Irinotecan,204
234,14,Irinotecan,266
234,17,Irinotecan,204
234,21,Irinotecan,178
234,24,Irinotecan,204
234,28,Irinotecan,300
234,31,Irinotecan,300
234,35,Irinotecan,421
234,37,Irinotecan,421
130,-7,Topotecan,131
130,0,Topotecan,204
130,3,Topotecan,204
130,7,Topotecan,204
130,10,Topotecan,300
130,14,Topotecan,333
130,17,Topotecan,333
130,21,Topotecan,624
130,24,Topotecan,624
130,28,Topotecan,624
130,31,Topotecan,881
130,35,Topotecan,1048
130,37,Topotecan,1048
132,-7,Topotecan,65
132,0,Topotecan,131
132,3,Topotecan,112
132,7,Topotecan,112
132,10,Topotecan,131
132,14,Topotecan,204
132,17,Topotecan,266
132,21,Topotecan,266
132,24,Topotecan,379
132,28,Topotecan,379
132,31,Topotecan,379
132,35,Topotecan,379
132,37,Topotecan,379
137,-7,Topotecan,112
137,0,Topotecan,204
137,3,Topotecan,204
137,7,Topotecan,204
137,10,Topotecan,300
137,14,Topotecan,333
137,17,Topotecan,463
137,21,Topotecan,505
137,24,Topotecan,624
137,28,Topotecan,728
137,31,Topotecan,881
137,35,Topotecan,1048
137,37,Topotecan,1048
139,-7,Topotecan,65
139,0,Topotecan,112
139,3,Topotecan,131
139,7,Topotecan,131
139,10,Topotecan,131
139,14,Topotecan,266
139,17,Topotecan,266
139,21,Topotecan,204
139,24,Topotecan,266
139,28,Topotecan,379
139,31,Topotecan,421
139,35,Topotecan,421
139,37,Topotecan,421
141,-7,Topotecan,65
141,0,Topotecan,78
141,3,Topotecan,112
141,7,Topotecan,78
141,10,Topotecan,131
141,14,Topotecan,204
141,17,Topotecan,379
141,21,Topotecan,379
141,24,Topotecan,300
141,28,Topotecan,333
141,31,Topotecan,421
141,35,Topotecan,421
141,37,Topotecan,421
84,-7,Pemetrexed,131
84,0,Pemetrexed,204
84,3,Pemetrexed,229
84,7,Pemetrexed,204
84,10,Pemetrexed,300
84,14,Pemetrexed,229
84,17,Pemetrexed,463
84,21,Pemetrexed,520
84,24,Pemetrexed,520
84,28,Pemetrexed,572
84,31,Pemetrexed,572
84,35,Pemetrexed,572
84,37,Pemetrexed,572
85,-7,Pemetrexed,112
85,0,Pemetrexed,204
85,3,Pemetrexed,300
85,7,Pemetrexed,300
85,10,Pemetrexed,421
85,14,Pemetrexed,520
85,17,Pemetrexed,572
85,21,Pemetrexed,755
85,24,Pemetrexed,973
85,28,Pemetrexed,1142
85,31,Pemetrexed,1230
85,35,Pemetrexed,1494
85,37,Pemetrexed,1494
142,-7,Pemetrexed,0
142,0,Pemetrexed,112
142,3,Pemetrexed,131
142,7,Pemetrexed,112
142,10,Pemetrexed,204
142,14,Pemetrexed,204
142,17,Pemetrexed,421
142,21,Pemetrexed,421
142,24,Pemetrexed,421
142,28,Pemetrexed,755
142,31,Pemetrexed,1142
142,35,Pemetrexed,973
142,37,Pemetrexed,1427
143,-7,Pemetrexed,33
143,0,Pemetrexed,78
143,3,Pemetrexed,78
143,7,Pemetrexed,91
143,10,Pemetrexed,131
143,14,Pemetrexed,229
143,17,Pemetrexed,300
143,21,Pemetrexed,421
143,24,Pemetrexed,728
143,28,Pemetrexed,1007
143,31,Pemetrexed,1198
143,35,Pemetrexed,1406
143,37,Pemetrexed,1318
151,-7,Pemetrexed,78
151,0,Pemetrexed,131
151,3,Pemetrexed,204
151,7,Pemetrexed,204
151,10,Pemetrexed,300
151,14,Pemetrexed,421
151,17,Pemetrexed,421
151,21,Pemetrexed,572
151,24,Pemetrexed,624
151,28,Pemetrexed,728
151,31,Pemetrexed,1048
151,35,Pemetrexed,1048
151,37,Pemetrexed,973
144,-7,Bortezomib,50
144,0,Bortezomib,131
144,3,Bortezomib,131
144,7,Bortezomib,131
144,10,Bortezomib,266
144,14,Bortezomib,300
144,17,Bortezomib,366
144,21,Bortezomib,463
144,24,Bortezomib,624
144,28,Bortezomib,676
144,31,Bortezomib,818
144,35,Bortezomib,818
144,37,Bortezomib,818
145,-7,Bortezomib,65
145,0,Bortezomib,78
145,3,Bortezomib,112
145,7,Bortezomib,78
145,10,Bortezomib,112
145,14,Bortezomib,178
145,17,Bortezomib,178
145,21,Bortezomib,266
145,24,Bortezomib,266
145,28,Bortezomib,266
145,31,Bortezomib,300
145,35,Bortezomib,421
145,37,Bortezomib,421
163,-7,Bortezomib,78
163,0,Bortezomib,204
163,3,Bortezomib,229
163,7,Bortezomib,229
163,10,Bortezomib,463
163,14,Bortezomib,624
163,17,Bortezomib,881
163,21,Bortezomib,1007
163,24,Bortezomib,1273
163,28,Bortezomib,1494
163,31,Bortezomib,1494
163,35,Bortezomib,1936
163,37,Bortezomib,2223
164,-7,Bortezomib,78
164,0,Bortezomib,204
164,3,Bortezomib,300
164,7,Bortezomib,333
164,10,Bortezomib,421
164,14,Bortezomib,421
164,17,Bortezomib,463
164,21,Bortezomib,624
164,24,Bortezomib,676
164,28,Bortezomib,881
164,31,Bortezomib,881
164,35,Bortezomib,1048
164,37,Bortezomib,1123
270,-7,Bortezomib,131
270,0,Bortezomib,131
270,3,Bortezomib,204
270,7,Bortezomib,229
270,10,Bortezomib,300
270,14,Bortezomib,421
270,17,Bortezomib,0
270,21,Bortezomib,0
270,24,Bortezomib,0
270,28,Bortezomib,0
270,31,Bortezomib,0
270,35,Bortezomib,0
270,37,Bortezomib,0
33,-7,Temozolomide,91
33,0,Temozolomide,131
33,3,Temozolomide,204
33,7,Temozolomide,131
33,10,Temozolomide,78
33,14,Temozolomide,131
33,17,Temozolomide,65
33,21,Temozolomide,65
33,24,Temozolomide,65
33,28,Temozolomide,78
33,31,Temozolomide,112
33,35,Temozolomide,131
33,37,Temozolomide,131
99,-7,Temozolomide,50
99,0,Temozolomide,131
99,3,Temozolomide,300
99,7,Temozolomide,229
99,10,Temozolomide,229
99,14,Temozolomide,366
99,17,Temozolomide,548
99,21,Temozolomide,881
99,24,Temozolomide,1123
99,28,Temozolomide,1631
99,31,Temozolomide,1989
99,35,Temozolomide,2396
99,37,Temozolomide,2396
150,-7,Temozolomide,33
150,0,Temozolomide,78
150,3,Temozolomide,78
150,7,Temozolomide,65
150,10,Temozolomide,112
150,14,Temozolomide,78
150,17,Temozolomide,42
150,21,Temozolomide,42
150,24,Temozolomide,42
150,28,Temozolomide,42
150,31,Temozolomide,33
150,35,Temozolomide,33
150,37,Temozolomide,19
196,-7,Temozolomide,150
196,0,Temozolomide,204
196,3,Temozolomide,204
196,7,Temozolomide,131
196,10,Temozolomide,131
196,14,Temozolomide,65
196,17,Temozolomide,131
196,21,Temozolomide,204
196,24,Temozolomide,266
196,28,Temozolomide,300
196,31,Temozolomide,300
196,35,Temozolomide,333
196,37,Temozolomide,366
255,-7,Temozolomide,91
255,0,Temozolomide,204
255,3,Temozolomide,300
255,7,Temozolomide,204
255,10,Temozolomide,204
255,14,Temozolomide,204
255,17,Temozolomide,300
255,21,Temozolomide,300
255,24,Temozolomide,300
255,28,Temozolomide,421
255,31,Temozolomide,421
255,35,Temozolomide,463
255,37,Temozolomide,463
100,-7,Imatinib,112
100,0,Imatinib,131
100,3,Imatinib,178
100,7,Imatinib,300
100,10,Imatinib,333
100,14,Imatinib,266
100,17,Imatinib,755
100,21,Imatinib,881
100,24,Imatinib,1123
100,28,Imatinib,1406
100,31,Imatinib,2106
100,35,Imatinib,2106
100,37,Imatinib,2106
156,-7,Imatinib,33
156,0,Imatinib,112
156,3,Imatinib,112
156,7,Imatinib,112
156,10,Imatinib,131
156,14,Imatinib,178
156,17,Imatinib,379
156,21,Imatinib,520
156,24,Imatinib,692
156,28,Imatinib,692
156,31,Imatinib,755
156,35,Imatinib,973
156,37,Imatinib,1427
158,-7,Imatinib,65
158,0,Imatinib,78
158,3,Imatinib,112
158,7,Imatinib,78
158,10,Imatinib,131
158,14,Imatinib,178
158,17,Imatinib,266
158,21,Imatinib,266
158,24,Imatinib,379
158,28,Imatinib,421
158,31,Imatinib,421
158,35,Imatinib,572
158,37,Imatinib,572
159,-7,Imatinib,78
159,0,Imatinib,204
159,3,Imatinib,229
159,7,Imatinib,229
159,10,Imatinib,333
159,14,Imatinib,379
159,17,Imatinib,676
159,21,Imatinib,881
159,24,Imatinib,1123
159,28,Imatinib,1406
159,31,Imatinib,1406
159,35,Imatinib,1494
159,37,Imatinib,1835
267,-7,Imatinib,178
267,0,Imatinib,204
267,3,Imatinib,300
267,7,Imatinib,300
267,10,Imatinib,520
267,14,Imatinib,379
267,17,Imatinib,755
267,21,Imatinib,755
267,24,Imatinib,755
267,28,Imatinib,899
267,31,Imatinib,624
267,35,Imatinib,899
267,37,Imatinib,973
108,-7,Dasatinib,78
108,0,Dasatinib,131
108,3,Dasatinib,229
108,7,Dasatinib,255
108,10,Dasatinib,366
108,14,Dasatinib,379
108,17,Dasatinib,548
108,21,Dasatinib,728
108,24,Dasatinib,881
108,28,Dasatinib,1198
108,31,Dasatinib,1273
108,35,Dasatinib,1582
108,37,Dasatinib,1936
181,-7,Dasatinib,112
181,0,Dasatinib,204
181,3,Dasatinib,300
181,7,Dasatinib,266
181,10,Dasatinib,463
181,14,Dasatinib,520
181,17,Dasatinib,572
181,21,Dasatinib,624
181,24,Dasatinib,818
181,28,Dasatinib,881
181,31,Dasatinib,1048
181,35,Dasatinib,1835
181,37,Dasatinib,2106
186,-7,Dasatinib,65
186,0,Dasatinib,78
186,3,Dasatinib,78
186,7,Dasatinib,78
186,10,Dasatinib,131
186,14,Dasatinib,266
186,17,Dasatinib,266
186,21,Dasatinib,266
186,24,Dasatinib,266
186,28,Dasatinib,266
186,31,Dasatinib,266
186,35,Dasatinib,379
186,37,Dasatinib,379
193,-7,Dasatinib,112
193,0,Dasatinib,204
193,3,Dasatinib,463
193,7,Dasatinib,463
193,10,Dasatinib,624
193,14,Dasatinib,899
193,17,Dasatinib,1048
193,21,Dasatinib,2529
193,24,Dasatinib,2529
193,28,Dasatinib,2529
193,31,Dasatinib,2529
193,35,Dasatinib,2529
193,37,Dasatinib,2529
197,-7,Dasatinib,112
197,0,Dasatinib,112
197,3,Dasatinib,266
197,7,Dasatinib,300
197,10,Dasatinib,421
197,14,Dasatinib,692
197,17,Dasatinib,1123
197,21,Dasatinib,1835
197,24,Dasatinib,2223
197,28,Dasatinib,2223
197,31,Dasatinib,2223
197,35,Dasatinib,2223
197,37,Dasatinib,2223
18,-7,Lapatinib,65
18,0,Lapatinib,178
18,3,Lapatinib,204
18,7,Lapatinib,229
18,10,Lapatinib,229
18,14,Lapatinib,266
18,17,Lapatinib,333
18,21,Lapatinib,333
18,24,Lapatinib,421
18,28,Lapatinib,463
18,31,Lapatinib,463
18,35,Lapatinib,624
18,37,Lapatinib,624
71,-7,Lapatinib,91
71,0,Lapatinib,168
71,3,Lapatinib,168
71,7,Lapatinib,229
71,10,Lapatinib,366
71,14,Lapatinib,379
71,17,Lapatinib,548
71,21,Lapatinib,728
71,24,Lapatinib,1048
71,28,Lapatinib,1427
71,31,Lapatinib,1733
71,35,Lapatinib,1835
71,37,Lapatinib,1989
75,-7,Lapatinib,42
75,0,Lapatinib,78
75,3,Lapatinib,78
75,7,Lapatinib,78
75,10,Lapatinib,178
75,14,Lapatinib,178
75,17,Lapatinib,379
75,21,Lapatinib,300
75,24,Lapatinib,379
75,28,Lapatinib,266
75,31,Lapatinib,379
75,35,Lapatinib,421
75,37,Lapatinib,421
146,-7,Lapatinib,78
146,0,Lapatinib,229
146,3,Lapatinib,229
146,7,Lapatinib,333
146,10,Lapatinib,676
146,14,Lapatinib,1142
146,17,Lapatinib,1406
146,21,Lapatinib,1989
146,24,Lapatinib,2529
146,28,Lapatinib,2529
146,31,Lapatinib,2529
146,35,Lapatinib,2529
146,37,Lapatinib,2529
300,-7,Lapatinib,112
300,0,Lapatinib,112
300,3,Lapatinib,112
300,7,Lapatinib,78
300,10,Lapatinib,112
300,14,Lapatinib,112
300,17,Lapatinib,112
300,21,Lapatinib,131
300,24,Lapatinib,150
300,28,Lapatinib,150
300,31,Lapatinib,150
300,35,Lapatinib,204
300,37,Lapatinib,229
106,-7,Erlotinib,0
106,0,Erlotinib,131
106,3,Erlotinib,131
106,7,Erlotinib,150
106,10,Erlotinib,204
106,14,Erlotinib,266
106,17,Erlotinib,366
106,21,Erlotinib,463
106,24,Erlotinib,881
106,28,Erlotinib,1273
106,31,Erlotinib,1670
106,35,Erlotinib,2340
106,37,Erlotinib,2340
211,-7,Erlotinib,65
211,0,Erlotinib,112
211,3,Erlotinib,178
211,7,Erlotinib,178
211,10,Erlotinib,204
211,14,Erlotinib,379
211,17,Erlotinib,421
211,21,Erlotinib,520
211,24,Erlotinib,572
211,28,Erlotinib,818
211,31,Erlotinib,1230
211,35,Erlotinib,1230
211,37,Erlotinib,1318
212,-7,Erlotinib,65
212,0,Erlotinib,78
212,3,Erlotinib,112
212,7,Erlotinib,112
212,10,Erlotinib,131
212,14,Erlotinib,112
212,17,Erlotinib,178
212,21,Erlotinib,204
212,24,Erlotinib,204
212,28,Erlotinib,300
212,31,Erlotinib,300
212,35,Erlotinib,421
212,37,Erlotinib,421
258,-7,Erlotinib,131
258,0,Erlotinib,204
258,3,Erlotinib,300
258,7,Erlotinib,300
258,10,Erlotinib,379
258,14,Erlotinib,379
258,17,Erlotinib,572
258,21,Erlotinib,624
258,24,Erlotinib,572
258,28,Erlotinib,676
258,31,Erlotinib,973
258,35,Erlotinib,1048
258,37,Erlotinib,1230
260,-7,Erlotinib,131
260,0,Erlotinib,204
260,3,Erlotinib,300
260,7,Erlotinib,300
260,10,Erlotinib,300
260,14,Erlotinib,379
260,17,Erlotinib,572
260,21,Erlotinib,572
260,24,Erlotinib,624
260,28,Erlotinib,1048
260,31,Erlotinib,1755
260,35,Erlotinib,1872
260,37,Erlotinib,2555
19,-7,Sorafenib,na
19,0,Sorafenib,na
19,3,Sorafenib,na
19,7,Sorafenib,na
19,10,Sorafenib,na
19,14,Sorafenib,na
19,17,Sorafenib,na
19,21,Sorafenib,na
19,24,Sorafenib,na
19,28,Sorafenib,na
19,31,Sorafenib,na
19,35,Sorafenib,na
19,37,Sorafenib,na
55,-7,Sorafenib,78
55,0,Sorafenib,229
55,3,Sorafenib,168
55,7,Sorafenib,150
55,10,Sorafenib,150
55,14,Sorafenib,112
55,17,Sorafenib,204
55,21,Sorafenib,204
55,24,Sorafenib,266
55,28,Sorafenib,204
55,31,Sorafenib,379
55,35,Sorafenib,421
55,37,Sorafenib,300
280,-7,Sorafenib,42
280,0,Sorafenib,104
280,3,Sorafenib,204
280,7,Sorafenib,150
280,10,Sorafenib,150
280,14,Sorafenib,112
280,17,Sorafenib,168
280,21,Sorafenib,168
280,24,Sorafenib,229
280,28,Sorafenib,300
280,31,Sorafenib,333
280,35,Sorafenib,333
280,37,Sorafenib,333
284,-7,Sorafenib,131
284,0,Sorafenib,131
284,3,Sorafenib,266
284,7,Sorafenib,131
284,10,Sorafenib,204
284,14,Sorafenib,178
284,17,Sorafenib,266
284,21,Sorafenib,266
284,24,Sorafenib,266
284,28,Sorafenib,266
284,31,Sorafenib,204
284,35,Sorafenib,229
284,37,Sorafenib,300
287,-7,Sorafenib,65
287,0,Sorafenib,78
287,3,Sorafenib,112
287,7,Sorafenib,78
287,10,Sorafenib,178
287,14,Sorafenib,178
287,17,Sorafenib,178
287,21,Sorafenib,204
287,24,Sorafenib,178
287,28,Sorafenib,266
287,31,Sorafenib,266
287,35,Sorafenib,379
287,37,Sorafenib,300
208,-7,Capecitabine,65
208,0,Capecitabine,78
208,3,Capecitabine,78
208,7,Capecitabine,78
208,10,Capecitabine,131
208,14,Capecitabine,178
208,17,Capecitabine,300
208,21,Capecitabine,300
208,24,Capecitabine,333
208,28,Capecitabine,421
208,31,Capecitabine,520
208,35,Capecitabine,692
208,37,Capecitabine,755
246,-7,Capecitabine,131
246,0,Capecitabine,131
246,3,Capecitabine,300
246,7,Capecitabine,333
246,10,Capecitabine,572
246,14,Capecitabine,624
246,17,Capecitabine,973
246,21,Capecitabine,2263
246,24,Capecitabine,2263
246,28,Capecitabine,2263
246,31,Capecitabine,2263
246,35,Capecitabine,2263
246,37,Capecitabine,2263
247,-7,Capecitabine,78
247,0,Capecitabine,131
247,3,Capecitabine,204
247,7,Capecitabine,204
247,10,Capecitabine,229
247,14,Capecitabine,300
247,17,Capecitabine,421
247,21,Capecitabine,505
247,24,Capecitabine,548
247,28,Capecitabine,728
247,31,Capecitabine,780
247,35,Capecitabine,832
247,37,Capecitabine,1007
271,-7,Capecitabine,204
271,0,Capecitabine,204
271,3,Capecitabine,421
271,7,Capecitabine,572
271,10,Capecitabine,755
271,14,Capecitabine,818
271,17,Capecitabine,1048
271,21,Capecitabine,266
271,24,Capecitabine,266
271,28,Capecitabine,379
271,31,Capecitabine,421
271,35,Capecitabine,421
271,37,Capecitabine,421
275,-7,Capecitabine,204
275,0,Capecitabine,204
275,3,Capecitabine,333
275,7,Capecitabine,333
275,10,Capecitabine,692
275,14,Capecitabine,899
275,17,Capecitabine,1318
275,21,Capecitabine,755
275,24,Capecitabine,421
275,28,Capecitabine,300
275,31,Capecitabine,266
275,35,Capecitabine,266
275,37,Capecitabine,266
87,-7,5-FU,150
87,0,5-FU,229
87,3,5-FU,333
87,7,5-FU,300
87,10,5-FU,333
87,14,5-FU,366
87,17,5-FU,755
87,21,5-FU,881
87,24,5-FU,944
87,28,5-FU,1273
87,31,5-FU,1273
87,35,5-FU,1273
87,37,5-FU,2106
94,-7,5-FU,78
94,0,5-FU,112
94,3,5-FU,204
94,7,5-FU,204
94,10,5-FU,266
94,14,5-FU,421
94,17,5-FU,572
94,21,5-FU,944
94,24,5-FU,1123
94,28,5-FU,1582
94,31,5-FU,2106
94,35,5-FU,2106
94,37,5-FU,2106
222,-7,5-FU,65
222,0,5-FU,78
222,3,5-FU,112
222,7,5-FU,78
222,10,5-FU,131
222,14,5-FU,204
222,17,5-FU,204
222,21,5-FU,300
222,24,5-FU,379
222,28,5-FU,421
222,31,5-FU,463
222,35,5-FU,505
222,37,5-FU,624
273,-7,5-FU,112
273,0,5-FU,131
273,3,5-FU,112
273,7,5-FU,112
273,10,5-FU,178
273,14,5-FU,266
273,17,5-FU,300
273,21,5-FU,379
273,24,5-FU,300
273,28,5-FU,300
273,31,5-FU,300
273,35,5-FU,178
273,37,5-FU,178
276,-7,5-FU,78
276,0,5-FU,204
276,3,5-FU,168
276,7,5-FU,150
276,10,5-FU,255
276,14,5-FU,366
276,17,5-FU,399
276,21,5-FU,780
276,24,5-FU,780
276,28,5-FU,1007
276,31,5-FU,1198
276,35,5-FU,1273
276,37,5-FU,1670
35,-7,Dacarbazine,131
35,0,Dacarbazine,131
35,3,Dacarbazine,204
35,7,Dacarbazine,131
35,10,Dacarbazine,379
35,14,Dacarbazine,300
35,17,Dacarbazine,300
35,21,Dacarbazine,266
35,24,Dacarbazine,300
35,28,Dacarbazine,300
35,31,Dacarbazine,333
35,35,Dacarbazine,421
35,37,Dacarbazine,818
38,-7,Dacarbazine,78
38,0,Dacarbazine,131
38,3,Dacarbazine,131
38,7,Dacarbazine,131
38,10,Dacarbazine,204
38,14,Dacarbazine,150
38,17,Dacarbazine,300
38,21,Dacarbazine,333
38,24,Dacarbazine,421
38,28,Dacarbazine,421
38,31,Dacarbazine,421
38,35,Dacarbazine,421
38,37,Dacarbazine,463
224,-7,Dacarbazine,42
224,0,Dacarbazine,178
224,3,Dacarbazine,266
224,7,Dacarbazine,266
224,10,Dacarbazine,379
224,14,Dacarbazine,300
224,17,Dacarbazine,463
224,21,Dacarbazine,463
224,24,Dacarbazine,505
224,28,Dacarbazine,505
224,31,Dacarbazine,973
224,35,Dacarbazine,1048
224,37,Dacarbazine,1048
233,-7,Dacarbazine,42
233,0,Dacarbazine,78
233,3,Dacarbazine,131
233,7,Dacarbazine,131
233,10,Dacarbazine,178
233,14,Dacarbazine,178
233,17,Dacarbazine,204
233,21,Dacarbazine,229
233,24,Dacarbazine,229
233,28,Dacarbazine,300
233,31,Dacarbazine,300
233,35,Dacarbazine,463
233,37,Dacarbazine,463
257,-7,Dacarbazine,131
257,0,Dacarbazine,229
257,3,Dacarbazine,229
257,7,Dacarbazine,300
257,10,Dacarbazine,572
257,14,Dacarbazine,973
257,17,Dacarbazine,1048
257,21,Dacarbazine,1123
257,24,Dacarbazine,1123
257,28,Dacarbazine,1318
257,31,Dacarbazine,1631
257,35,Dacarbazine,1631
257,37,Dacarbazine,1631
216,-7,Nelfinavir/Ritonavir,131
216,0,Nelfinavir/Ritonavir,112
216,3,Nelfinavir/Ritonavir,572
216,7,Nelfinavir/Ritonavir,624
216,10,Nelfinavir/Ritonavir,1048
216,14,Nelfinavir/Ritonavir,1529
216,17,Nelfinavir/Ritonavir,1733
216,21,Nelfinavir/Ritonavir,2662
216,24,Nelfinavir/Ritonavir,2662
216,28,Nelfinavir/Ritonavir,2662
216,31,Nelfinavir/Ritonavir,2662
216,35,Nelfinavir/Ritonavir,2662
216,37,Nelfinavir/Ritonavir,2662
217,-7,Nelfinavir/Ritonavir,65
217,0,Nelfinavir/Ritonavir,150
217,3,Nelfinavir/Ritonavir,229
217,7,Nelfinavir/Ritonavir,300
217,10,Nelfinavir/Ritonavir,366
217,14,Nelfinavir/Ritonavir,818
217,17,Nelfinavir/Ritonavir,1048
217,21,Nelfinavir/Ritonavir,1427
217,24,Nelfinavir/Ritonavir,1529
217,28,Nelfinavir/Ritonavir,1755
217,31,Nelfinavir/Ritonavir,2130
217,35,Nelfinavir/Ritonavir,2130
217,37,Nelfinavir/Ritonavir,2130
220,-7,Nelfinavir/Ritonavir,65
220,0,Nelfinavir/Ritonavir,131
220,3,Nelfinavir/Ritonavir,78
220,7,Nelfinavir/Ritonavir,91
220,10,Nelfinavir/Ritonavir,204
220,14,Nelfinavir/Ritonavir,229
220,17,Nelfinavir/Ritonavir,379
220,21,Nelfinavir/Ritonavir,572
220,24,Nelfinavir/Ritonavir,572
220,28,Nelfinavir/Ritonavir,572
220,31,Nelfinavir/Ritonavir,624
220,35,Nelfinavir/Ritonavir,818
220,37,Nelfinavir/Ritonavir,973
272,-7,Nelfinavir/Ritonavir,204
272,0,Nelfinavir/Ritonavir,178
272,3,Nelfinavir/Ritonavir,204
272,7,Nelfinavir/Ritonavir,131
272,10,Nelfinavir/Ritonavir,204
272,14,Nelfinavir/Ritonavir,204
272,17,Nelfinavir/Ritonavir,229
272,21,Nelfinavir/Ritonavir,229
272,24,Nelfinavir/Ritonavir,300
272,28,Nelfinavir/Ritonavir,333
272,31,Nelfinavir/Ritonavir,421
272,35,Nelfinavir/Ritonavir,572
272,37,Nelfinavir/Ritonavir,899
289,-7,Nelfinavir/Ritonavir,78
289,0,Nelfinavir/Ritonavir,178
289,3,Nelfinavir/Ritonavir,204
289,7,Nelfinavir/Ritonavir,204
289,10,Nelfinavir/Ritonavir,572
289,14,Nelfinavir/Ritonavir,899
289,17,Nelfinavir/Ritonavir,1142
289,21,Nelfinavir/Ritonavir,1142
289,24,Nelfinavir/Ritonavir,1230
289,28,Nelfinavir/Ritonavir,1427
289,31,Nelfinavir/Ritonavir,1529
289,35,Nelfinavir/Ritonavir,1936
289,37,Nelfinavir/Ritonavir,1936
74,-7,Sunitinib,na
74,0,Sunitinib,65
74,3,Sunitinib,78
74,7,Sunitinib,42
74,10,Sunitinib,50
74,14,Sunitinib,78
74,17,Sunitinib,78
74,21,Sunitinib,78
74,24,Sunitinib,78
74,28,Sunitinib,65
74,31,Sunitinib,65
74,35,Sunitinib,65
74,37,Sunitinib,65
78,-7,Sunitinib,na
78,0,Sunitinib,42
78,3,Sunitinib,78
78,7,Sunitinib,42
78,10,Sunitinib,65
78,14,Sunitinib,65
78,17,Sunitinib,65
78,21,Sunitinib,65
78,24,Sunitinib,65
78,28,Sunitinib,65
78,31,Sunitinib,33
78,35,Sunitinib,33
78,37,Sunitinib,33
206,-7,Sunitinib,na
206,0,Sunitinib,78
206,3,Sunitinib,131
206,7,Sunitinib,91
206,10,Sunitinib,91
206,14,Sunitinib,131
206,17,Sunitinib,78
206,21,Sunitinib,112
206,24,Sunitinib,131
206,28,Sunitinib,78
206,31,Sunitinib,78
206,35,Sunitinib,112
206,37,Sunitinib,178
221,-7,Sunitinib,na
221,0,Sunitinib,65
221,3,Sunitinib,78
221,7,Sunitinib,65
221,10,Sunitinib,65
221,14,Sunitinib,78
221,17,Sunitinib,78
221,21,Sunitinib,112
221,24,Sunitinib,112
221,28,Sunitinib,78
221,31,Sunitinib,65
221,35,Sunitinib,78
221,37,Sunitinib,78
223,-7,Sunitinib,na
223,0,Sunitinib,65
223,3,Sunitinib,78
223,7,Sunitinib,42
223,10,Sunitinib,42
223,14,Sunitinib,78
223,17,Sunitinib,78
223,21,Sunitinib,112
223,24,Sunitinib,112
223,28,Sunitinib,65
223,31,Sunitinib,42
223,35,Sunitinib,78
223,37,Sunitinib,112
